Id,File_name,Rating,Participant
0,40_1_3_20170119145610534.jpg.chip.jpg,0,Alejandra
1,20_1_0_20170109213411083.jpg.chip.jpg,3,Alejandra
2,20_1_0_20170116205807966.jpg.chip.jpg,0,Alejandra
3,20_1_1_20170112205029995.jpg.chip.jpg,0,Alejandra
4,20_1_1_20170113005418295.jpg.chip.jpg,2,Alejandra
5,21_1_0_20170116234657499.jpg.chip.jpg,1,Alejandra
6,21_1_0_20170117142333762.jpg.chip.jpg,1,Alejandra
7,21_1_1_20170112233312848.jpg.chip.jpg,3,Alejandra
8,21_1_1_20170112233401623.jpg.chip.jpg,2,Alejandra
9,21_1_1_20170112233528728.jpg.chip.jpg,1,Alejandra
10,21_1_2_20170116170625776.jpg.chip.jpg,0,Alejandra
11,21_1_2_20170116171705211.jpg.chip.jpg,1,Alejandra
12,21_1_2_20170116171706610.jpg.chip.jpg,2,Alejandra
13,21_1_3_20170119155649546.jpg.chip.jpg,1,Alejandra
14,21_1_4_20170103224438000.jpg.chip.jpg,3,Alejandra
15,22_1_0_20170112233734192.jpg.chip.jpg,2,Alejandra
16,22_1_3_20170104232454786.jpg.chip.jpg,2,Alejandra
17,22_1_4_20170103223419073.jpg.chip.jpg,3,Alejandra
18,22_1_4_20170103225112465.jpg.chip.jpg,4,Alejandra
19,22_1_4_20170117145350418.jpg.chip.jpg,0,Alejandra
20,23_1_0_20170112234027666.jpg.chip.jpg,3,Alejandra
21,23_1_0_20170112234310143.jpg.chip.jpg,2,Alejandra
22,23_1_3_20170104223146287.jpg.chip.jpg,1,Alejandra
23,23_1_4_20170103233611875.jpg.chip.jpg,1,Alejandra
24,23_1_4_20170117194314062.jpg.chip.jpg,0,Alejandra
25,24_1_0_20170108225915369.jpg.chip.jpg,0,Alejandra
26,24_1_0_20170116214311227.jpg.chip.jpg,2,Alejandra
27,24_1_0_20170117150414570.jpg.chip.jpg,1,Alejandra
28,24_1_1_20170112204507818.jpg.chip.jpg,2,Alejandra
29,24_1_1_20170112204533811.jpg.chip.jpg,4,Alejandra
30,24_1_1_20170112204809364.jpg.chip.jpg,1,Alejandra
31,24_1_1_20170112231707948.jpg.chip.jpg,3,Alejandra
32,24_1_1_20170112234348991.jpg.chip.jpg,2,Alejandra
33,24_1_1_20170112234600841.jpg.chip.jpg,3,Alejandra
34,24_1_1_20170113000048018.jpg.chip.jpg,1,Alejandra
35,24_1_1_20170113001636241.jpg.chip.jpg,2,Alejandra
36,24_1_1_20170113003543637.jpg.chip.jpg,1,Alejandra
37,24_1_1_20170113011327776.jpg.chip.jpg,0,Alejandra
38,24_1_1_20170115235615800.jpg.chip.jpg,3,Alejandra
39,24_1_1_20170116224913775.jpg.chip.jpg,0,Alejandra
40,24_1_2_20170104020306436.jpg.chip.jpg,1,Alejandra
41,24_1_2_20170104020818270.jpg.chip.jpg,0,Alejandra
42,24_1_2_20170104234618170.jpg.chip.jpg,1,Alejandra
43,24_1_2_20170116165633882.jpg.chip.jpg,0,Alejandra
44,24_1_2_20170116171002640.jpg.chip.jpg,0,Alejandra
45,24_1_2_20170116171030907.jpg.chip.jpg,0,Alejandra
46,24_1_2_20170116171158821.jpg.chip.jpg,0,Alejandra
47,24_1_2_20170116171604159.jpg.chip.jpg,3,Alejandra
48,24_1_2_20170116171638407.jpg.chip.jpg,0,Alejandra
49,24_1_2_20170116171642861.jpg.chip.jpg,2,Alejandra
50,24_1_2_20170116171657075.jpg.chip.jpg,3,Alejandra
51,24_1_2_20170116172607433.jpg.chip.jpg,0,Alejandra
52,24_1_2_20170116173356200.jpg.chip.jpg,0,Alejandra
53,24_1_2_20170116173412953.jpg.chip.jpg,0,Alejandra
54,24_1_2_20170116173436330.jpg.chip.jpg,1,Alejandra
55,24_1_2_20170116173507147.jpg.chip.jpg,3,Alejandra
56,24_1_2_20170116173716204.jpg.chip.jpg,0,Alejandra
57,24_1_2_20170116174400891.jpg.chip.jpg,3,Alejandra
58,24_1_2_20170116174405212.jpg.chip.jpg,0,Alejandra
59,24_1_2_20170116174406776.jpg.chip.jpg,0,Alejandra
60,24_1_2_20170116174411079.jpg.chip.jpg,0,Alejandra
61,24_1_2_20170116174503300.jpg.chip.jpg,4,Alejandra
62,24_1_2_20170116174511173.jpg.chip.jpg,3,Alejandra
63,24_1_2_20170116174523538.jpg.chip.jpg,2,Alejandra
64,24_1_2_20170116174612535.jpg.chip.jpg,0,Alejandra
65,24_1_2_20170116175450531.jpg.chip.jpg,1,Alejandra
66,24_1_2_20170117145644747.jpg.chip.jpg,0,Alejandra
67,24_1_2_20170117194935363.jpg.chip.jpg,3,Alejandra
68,24_1_3_20161220221541210.jpg.chip.jpg,2,Alejandra
69,24_1_3_20161220221647314.jpg.chip.jpg,1,Alejandra
70,24_1_3_20161220221743058.jpg.chip.jpg,1,Alejandra
71,24_1_3_20170104215731414.jpg.chip.jpg,2,Alejandra
72,24_1_3_20170104222352872.jpg.chip.jpg,2,Alejandra
73,24_1_3_20170104222905601.jpg.chip.jpg,1,Alejandra
74,24_1_3_20170104223616047.jpg.chip.jpg,1,Alejandra
75,24_1_3_20170104231911026.jpg.chip.jpg,3,Alejandra
76,24_1_3_20170104231931545.jpg.chip.jpg,1,Alejandra
77,24_1_3_20170104234808251.jpg.chip.jpg,3,Alejandra
78,24_1_3_20170109131845240.jpg.chip.jpg,2,Alejandra
79,24_1_3_20170117145624635.jpg.chip.jpg,2,Alejandra
80,24_1_3_20170117150307141.jpg.chip.jpg,3,Alejandra
81,24_1_3_20170117150552500.jpg.chip.jpg,2,Alejandra
82,24_1_3_20170119152515392.jpg.chip.jpg,0,Alejandra
83,24_1_3_20170119155747715.jpg.chip.jpg,3,Alejandra
84,24_1_3_20170119165246847.jpg.chip.jpg,2,Alejandra
85,24_1_3_20170119171011143.jpg.chip.jpg,0,Alejandra
86,24_1_3_20170119171016977.jpg.chip.jpg,2,Alejandra
87,24_1_3_20170119171037624.jpg.chip.jpg,3,Alejandra
88,24_1_4_20170103223710519.jpg.chip.jpg,3,Alejandra
89,24_1_4_20170103230137338.jpg.chip.jpg,2,Alejandra
90,24_1_4_20170103233810029.jpg.chip.jpg,0,Alejandra
91,24_1_4_20170103233956963.jpg.chip.jpg,2,Alejandra
92,24_1_4_20170103234017197.jpg.chip.jpg,1,Alejandra
93,24_1_4_20170117150615516.jpg.chip.jpg,1,Alejandra
94,24_1_4_20170117194806829.jpg.chip.jpg,2,Alejandra
95,24_1_4_20170117194850412.jpg.chip.jpg,1,Alejandra
96,25_1_0_20170103175619551.jpg.chip.jpg,1,Alejandra
97,25_1_0_20170103180311751.jpg.chip.jpg,0,Alejandra
98,25_1_0_20170103180907920.jpg.chip.jpg,2,Alejandra
99,25_1_0_20170103180911281.jpg.chip.jpg,2,Alejandra
100,25_1_0_20170112235132967.jpg.chip.jpg,2,Alejandra
101,25_1_0_20170113005444622.jpg.chip.jpg,0,Alejandra
102,25_1_0_20170116201835487.jpg.chip.jpg,0,Alejandra
103,25_1_0_20170116205342932.jpg.chip.jpg,3,Alejandra
104,25_1_0_20170116212058157.jpg.chip.jpg,3,Alejandra
105,25_1_0_20170116220238281.jpg.chip.jpg,1,Alejandra
106,25_1_0_20170116223812242.jpg.chip.jpg,0,Alejandra
107,25_1_0_20170117135211463.jpg.chip.jpg,2,Alejandra
108,25_1_0_20170117140238688.jpg.chip.jpg,3,Alejandra
109,25_1_0_20170117141726361.jpg.chip.jpg,4,Alejandra
110,25_1_0_20170117142901203.jpg.chip.jpg,3,Alejandra
111,25_1_0_20170117143830737.jpg.chip.jpg,1,Alejandra
112,25_1_0_20170117143952249.jpg.chip.jpg,3,Alejandra
113,25_1_0_20170117151341916.jpg.chip.jpg,3,Alejandra
114,25_1_0_20170117151946851.jpg.chip.jpg,2,Alejandra
115,25_1_0_20170117152041619.jpg.chip.jpg,1,Alejandra
116,25_1_0_20170117191541627.jpg.chip.jpg,3,Alejandra
117,25_1_0_20170117203811656.jpg.chip.jpg,2,Alejandra
118,25_1_1_20170112192945622.jpg.chip.jpg,4,Alejandra
119,25_1_1_20170112230445064.jpg.chip.jpg,1,Alejandra
120,25_1_1_20170112235005249.jpg.chip.jpg,2,Alejandra
121,25_1_1_20170112235032674.jpg.chip.jpg,2,Alejandra
122,25_1_1_20170112235103240.jpg.chip.jpg,3,Alejandra
123,25_1_1_20170112235144082.jpg.chip.jpg,2,Alejandra
124,25_1_1_20170113005424686.jpg.chip.jpg,2,Alejandra
125,25_1_1_20170114030227321.jpg.chip.jpg,4,Alejandra
126,25_1_1_20170114031711223.jpg.chip.jpg,0,Alejandra
127,25_1_1_20170116001414790.jpg.chip.jpg,0,Alejandra
128,25_1_1_20170116003155558.jpg.chip.jpg,1,Alejandra
129,25_1_1_20170116003230778.jpg.chip.jpg,1,Alejandra
130,25_1_1_20170116003320107.jpg.chip.jpg,1,Alejandra
131,25_1_1_20170116175304948.jpg.chip.jpg,2,Alejandra
132,25_1_1_20170117010028966.jpg.chip.jpg,2,Alejandra
133,25_1_1_20170117014005144.jpg.chip.jpg,0,Alejandra
134,25_1_1_20170117140352370.jpg.chip.jpg,2,Alejandra
135,25_1_1_20170117154035392.jpg.chip.jpg,1,Alejandra
136,25_1_2_20161219194224315.jpg.chip.jpg,1,Alejandra
137,25_1_2_20170104021040316.jpg.chip.jpg,0,Alejandra
138,25_1_2_20170107213811324.jpg.chip.jpg,0,Alejandra
139,25_1_2_20170116162834422.jpg.chip.jpg,2,Alejandra
140,25_1_2_20170116174810385.jpg.chip.jpg,1,Alejandra
141,25_1_2_20170116175319780.jpg.chip.jpg,0,Alejandra
142,25_1_2_20170117022422149.jpg.chip.jpg,0,Alejandra
143,25_1_3_20161220222256467.jpg.chip.jpg,3,Alejandra
144,25_1_3_20170104214624646.jpg.chip.jpg,0,Alejandra
145,25_1_3_20170104222459455.jpg.chip.jpg,1,Alejandra
146,25_1_3_20170104222511735.jpg.chip.jpg,2,Alejandra
147,25_1_3_20170104232049890.jpg.chip.jpg,2,Alejandra
148,25_1_3_20170117140244350.jpg.chip.jpg,3,Alejandra
149,25_1_3_20170117141103735.jpg.chip.jpg,3,Alejandra
150,25_1_3_20170117142257810.jpg.chip.jpg,2,Alejandra
151,25_1_3_20170117151134442.jpg.chip.jpg,2,Alejandra
152,25_1_3_20170117152028652.jpg.chip.jpg,1,Alejandra
153,25_1_3_20170119151009470.jpg.chip.jpg,1,Alejandra
154,25_1_3_20170119171949009.jpg.chip.jpg,2,Alejandra
155,25_1_3_20170119172028785.jpg.chip.jpg,0,Alejandra
156,25_1_3_20170119172049633.jpg.chip.jpg,0,Alejandra
157,25_1_3_20170119172053938.jpg.chip.jpg,0,Alejandra
158,25_1_3_20170119172134400.jpg.chip.jpg,2,Alejandra
159,25_1_3_20170119172138225.jpg.chip.jpg,2,Alejandra
160,25_1_3_20170119195859404.jpg.chip.jpg,1,Alejandra
161,25_1_4_20161220222242243.jpg.chip.jpg,1,Alejandra
162,25_1_4_20161221193646742.jpg.chip.jpg,2,Alejandra
163,25_1_4_20161223230018963.jpg.chip.jpg,1,Alejandra
164,25_1_4_20170103182320042.jpg.chip.jpg,1,Alejandra
165,25_1_4_20170103210241074.jpg.chip.jpg,4,Alejandra
166,25_1_4_20170103230205288.jpg.chip.jpg,2,Alejandra
167,25_1_4_20170103234056789.jpg.chip.jpg,2,Alejandra
168,26_1_0_20170103180530224.jpg.chip.jpg,0,Alejandra
169,26_1_0_20170103181901521.jpg.chip.jpg,2,Alejandra
170,26_1_0_20170103182026289.jpg.chip.jpg,1,Alejandra
171,26_1_0_20170103182456297.jpg.chip.jpg,0,Alejandra
172,26_1_0_20170103213110260.jpg.chip.jpg,1,Alejandra
173,26_1_0_20170105003228731.jpg.chip.jpg,2,Alejandra
174,26_1_0_20170105163250483.jpg.chip.jpg,0,Alejandra
175,26_1_0_20170105163517523.jpg.chip.jpg,2,Alejandra
176,26_1_0_20170109002353702.jpg.chip.jpg,0,Alejandra
177,26_1_0_20170116162357240.jpg.chip.jpg,3,Alejandra
178,26_1_0_20170116170915992.jpg.chip.jpg,0,Alejandra
179,26_1_0_20170116184507521.jpg.chip.jpg,2,Alejandra
180,26_1_0_20170116184604799.jpg.chip.jpg,3,Alejandra
181,26_1_0_20170116193157590.jpg.chip.jpg,1,Alejandra
182,26_1_0_20170116231512359.jpg.chip.jpg,1,Alejandra
183,26_1_0_20170116235012961.jpg.chip.jpg,0,Alejandra
184,26_1_0_20170116235548284.jpg.chip.jpg,3,Alejandra
185,26_1_0_20170117003146021.jpg.chip.jpg,1,Alejandra
186,26_1_0_20170117003240286.jpg.chip.jpg,3,Alejandra
187,26_1_0_20170117003247198.jpg.chip.jpg,1,Alejandra
188,26_1_0_20170117091431823.jpg.chip.jpg,0,Alejandra
189,26_1_0_20170117153205725.jpg.chip.jpg,2,Alejandra
190,26_1_0_20170117154814509.jpg.chip.jpg,2,Alejandra
191,26_1_0_20170117164030406.jpg.chip.jpg,0,Alejandra
192,26_1_0_20170117170011666.jpg.chip.jpg,0,Alejandra
193,26_1_0_20170117171040563.jpg.chip.jpg,1,Alejandra
194,26_1_0_20170117171130618.jpg.chip.jpg,2,Alejandra
195,26_1_0_20170117171447434.jpg.chip.jpg,0,Alejandra
196,26_1_0_20170117173648397.jpg.chip.jpg,2,Alejandra
197,26_1_0_20170117173945869.jpg.chip.jpg,1,Alejandra
198,26_1_0_20170117174358903.jpg.chip.jpg,2,Alejandra
199,26_1_0_20170117174536175.jpg.chip.jpg,3,Alejandra
200,26_1_0_20170117174903560.jpg.chip.jpg,2,Alejandra
201,26_1_0_20170117174906552.jpg.chip.jpg,3,Alejandra
202,26_1_0_20170117175124289.jpg.chip.jpg,2,Alejandra
203,26_1_0_20170117195825620.jpg.chip.jpg,0,Alejandra
204,26_1_0_20170117200921982.jpg.chip.jpg,0,Alejandra
205,26_1_0_20170117201443317.jpg.chip.jpg,2,Alejandra
206,26_1_0_20170117201635534.jpg.chip.jpg,2,Alejandra
207,26_1_0_20170117201757542.jpg.chip.jpg,2,Alejandra
208,26_1_0_20170117201904253.jpg.chip.jpg,2,Alejandra
209,26_1_0_20170119192908266.jpg.chip.jpg,1,Alejandra
210,26_1_1_20170112210418412.jpg.chip.jpg,2,Alejandra
211,26_1_1_20170112210923338.jpg.chip.jpg,3,Alejandra
212,26_1_1_20170112211649085.jpg.chip.jpg,4,Alejandra
213,26_1_1_20170112212041107.jpg.chip.jpg,1,Alejandra
214,26_1_1_20170112213116517.jpg.chip.jpg,0,Alejandra
215,26_1_1_20170112213135759.jpg.chip.jpg,3,Alejandra
216,26_1_1_20170112213253821.jpg.chip.jpg,2,Alejandra
217,26_1_1_20170112213354350.jpg.chip.jpg,3,Alejandra
218,26_1_1_20170112213442439.jpg.chip.jpg,1,Alejandra
219,26_1_1_20170112230643812.jpg.chip.jpg,1,Alejandra
220,26_1_1_20170112234340711.jpg.chip.jpg,2,Alejandra
221,26_1_1_20170112235515129.jpg.chip.jpg,4,Alejandra
222,26_1_1_20170113012032526.jpg.chip.jpg,2,Alejandra
223,26_1_1_20170113012058856.jpg.chip.jpg,2,Alejandra
224,26_1_1_20170113012111272.jpg.chip.jpg,2,Alejandra
225,26_1_1_20170113012239224.jpg.chip.jpg,3,Alejandra
226,26_1_1_20170113012350417.jpg.chip.jpg,2,Alejandra
227,26_1_1_20170113012356872.jpg.chip.jpg,0,Alejandra
228,26_1_1_20170113193242959.jpg.chip.jpg,0,Alejandra
229,26_1_1_20170116011425192.jpg.chip.jpg,0,Alejandra
230,26_1_1_20170116012157847.jpg.chip.jpg,1,Alejandra
231,26_1_1_20170116012224668.jpg.chip.jpg,3,Alejandra
232,26_1_1_20170116013104528.jpg.chip.jpg,2,Alejandra
233,26_1_1_20170116013947455.jpg.chip.jpg,3,Alejandra
234,26_1_1_20170116023808283.jpg.chip.jpg,1,Alejandra
235,26_1_1_20170116153211138.jpg.chip.jpg,1,Alejandra
236,26_1_1_20170116153234172.jpg.chip.jpg,3,Alejandra
237,26_1_1_20170116153812488.jpg.chip.jpg,4,Alejandra
238,26_1_1_20170116153816328.jpg.chip.jpg,2,Alejandra
239,26_1_1_20170116153853816.jpg.chip.jpg,1,Alejandra
240,26_1_1_20170116155039588.jpg.chip.jpg,3,Alejandra
241,26_1_1_20170116155758186.jpg.chip.jpg,0,Alejandra
242,26_1_1_20170116160835715.jpg.chip.jpg,0,Alejandra
243,26_1_1_20170116160850384.jpg.chip.jpg,0,Alejandra
244,26_1_1_20170116162258869.jpg.chip.jpg,3,Alejandra
245,26_1_1_20170116164012804.jpg.chip.jpg,2,Alejandra
246,26_1_1_20170116165630173.jpg.chip.jpg,0,Alejandra
247,26_1_1_20170116171846657.jpg.chip.jpg,0,Alejandra
248,26_1_1_20170116171855347.jpg.chip.jpg,0,Alejandra
249,26_1_1_20170116182109736.jpg.chip.jpg,1,Alejandra
250,26_1_1_20170116223115624.jpg.chip.jpg,2,Alejandra
251,26_1_1_20170116223404554.jpg.chip.jpg,3,Alejandra
252,26_1_1_20170116223432216.jpg.chip.jpg,2,Alejandra
253,26_1_1_20170116231826726.jpg.chip.jpg,1,Alejandra
254,26_1_1_20170116231829268.jpg.chip.jpg,1,Alejandra
255,26_1_1_20170116232352844.jpg.chip.jpg,0,Alejandra
256,26_1_1_20170116232409291.jpg.chip.jpg,0,Alejandra
257,26_1_1_20170116232550099.jpg.chip.jpg,0,Alejandra
258,26_1_1_20170116232602440.jpg.chip.jpg,0,Alejandra
259,26_1_1_20170116232655628.jpg.chip.jpg,1,Alejandra
260,26_1_1_20170116233519519.jpg.chip.jpg,2,Alejandra
261,26_1_1_20170116233613793.jpg.chip.jpg,0,Alejandra
262,26_1_1_20170116233641024.jpg.chip.jpg,1,Alejandra
263,26_1_1_20170116234758189.jpg.chip.jpg,1,Alejandra
264,26_1_1_20170116234800903.jpg.chip.jpg,2,Alejandra
265,26_1_1_20170116234835737.jpg.chip.jpg,1,Alejandra
266,26_1_1_20170117141807232.jpg.chip.jpg,0,Alejandra
267,26_1_1_20170117174033437.jpg.chip.jpg,3,Alejandra
268,26_1_1_20170117183916995.jpg.chip.jpg,1,Alejandra
269,26_1_2_20170104020230700.jpg.chip.jpg,2,Alejandra
270,26_1_2_20170104021513981.jpg.chip.jpg,2,Alejandra
271,26_1_2_20170104021834541.jpg.chip.jpg,0,Alejandra
272,26_1_2_20170104022532727.jpg.chip.jpg,0,Alejandra
273,26_1_2_20170105161510388.jpg.chip.jpg,0,Alejandra
274,26_1_2_20170105163925349.jpg.chip.jpg,0,Alejandra
275,26_1_2_20170105163951372.jpg.chip.jpg,0,Alejandra
276,26_1_2_20170105164540403.jpg.chip.jpg,2,Alejandra
277,26_1_2_20170109002645487.jpg.chip.jpg,0,Alejandra
278,26_1_2_20170116162412165.jpg.chip.jpg,2,Alejandra
279,26_1_2_20170116163019946.jpg.chip.jpg,1,Alejandra
280,26_1_2_20170116164549452.jpg.chip.jpg,1,Alejandra
281,26_1_2_20170116173710627.jpg.chip.jpg,1,Alejandra
282,26_1_2_20170116175341740.jpg.chip.jpg,2,Alejandra
283,26_1_2_20170116175445643.jpg.chip.jpg,0,Alejandra
284,26_1_2_20170116175938987.jpg.chip.jpg,0,Alejandra
285,26_1_2_20170116175944209.jpg.chip.jpg,1,Alejandra
286,26_1_2_20170116180131010.jpg.chip.jpg,1,Alejandra
287,26_1_2_20170116180232341.jpg.chip.jpg,1,Alejandra
288,26_1_2_20170116180343830.jpg.chip.jpg,3,Alejandra
289,26_1_2_20170116180404568.jpg.chip.jpg,0,Alejandra
290,26_1_2_20170116180503250.jpg.chip.jpg,0,Alejandra
291,26_1_2_20170116182203278.jpg.chip.jpg,3,Alejandra
292,26_1_2_20170116182242873.jpg.chip.jpg,0,Alejandra
293,26_1_2_20170116182351803.jpg.chip.jpg,1,Alejandra
294,26_1_2_20170116182434267.jpg.chip.jpg,2,Alejandra
295,26_1_2_20170116182442130.jpg.chip.jpg,2,Alejandra
296,26_1_2_20170116182638875.jpg.chip.jpg,1,Alejandra
297,26_1_2_20170116184145692.jpg.chip.jpg,0,Alejandra
298,26_1_2_20170116184155381.jpg.chip.jpg,1,Alejandra
299,26_1_2_20170116184241642.jpg.chip.jpg,1,Alejandra
300,26_1_2_20170116184249790.jpg.chip.jpg,2,Alejandra
301,26_1_2_20170116184309896.jpg.chip.jpg,2,Alejandra
302,26_1_2_20170116184624186.jpg.chip.jpg,3,Alejandra
303,26_1_2_20170116184639426.jpg.chip.jpg,1,Alejandra
304,26_1_2_20170116184708173.jpg.chip.jpg,1,Alejandra
305,26_1_2_20170116184731471.jpg.chip.jpg,2,Alejandra
306,26_1_2_20170116184840727.jpg.chip.jpg,0,Alejandra
307,26_1_2_20170116234746730.jpg.chip.jpg,2,Alejandra
308,26_1_2_20170117141036153.jpg.chip.jpg,0,Alejandra
309,26_1_3_20170104214731389.jpg.chip.jpg,0,Alejandra
310,26_1_3_20170104222805519.jpg.chip.jpg,2,Alejandra
311,26_1_3_20170104223033351.jpg.chip.jpg,2,Alejandra
312,26_1_3_20170104223054575.jpg.chip.jpg,1,Alejandra
313,26_1_3_20170104223139599.jpg.chip.jpg,1,Alejandra
314,26_1_3_20170104231407282.jpg.chip.jpg,1,Alejandra
315,26_1_3_20170104232120449.jpg.chip.jpg,2,Alejandra
316,26_1_3_20170104232131633.jpg.chip.jpg,1,Alejandra
317,26_1_3_20170104232510106.jpg.chip.jpg,3,Alejandra
318,26_1_3_20170104232518026.jpg.chip.jpg,4,Alejandra
319,26_1_3_20170104232550697.jpg.chip.jpg,2,Alejandra
320,26_1_3_20170109133227729.jpg.chip.jpg,0,Alejandra
321,26_1_3_20170109134536902.jpg.chip.jpg,2,Alejandra
322,26_1_3_20170109140221559.jpg.chip.jpg,0,Alejandra
323,26_1_3_20170116232358592.jpg.chip.jpg,2,Alejandra
324,26_1_3_20170116233146621.jpg.chip.jpg,0,Alejandra
325,26_1_3_20170117144854965.jpg.chip.jpg,1,Alejandra
326,26_1_3_20170117153635595.jpg.chip.jpg,3,Alejandra
327,26_1_3_20170117153712926.jpg.chip.jpg,4,Alejandra
328,26_1_3_20170117154109300.jpg.chip.jpg,2,Alejandra
329,26_1_3_20170117154410734.jpg.chip.jpg,2,Alejandra
330,26_1_3_20170117154601686.jpg.chip.jpg,2,Alejandra
331,26_1_3_20170117154614886.jpg.chip.jpg,1,Alejandra
332,26_1_3_20170117154752639.jpg.chip.jpg,2,Alejandra
333,26_1_3_20170117154838647.jpg.chip.jpg,3,Alejandra
334,26_1_3_20170117154857092.jpg.chip.jpg,1,Alejandra
335,26_1_3_20170117154940189.jpg.chip.jpg,1,Alejandra
336,26_1_3_20170117173653317.jpg.chip.jpg,3,Alejandra
337,26_1_3_20170117174059493.jpg.chip.jpg,3,Alejandra
338,26_1_3_20170117174123429.jpg.chip.jpg,1,Alejandra
339,26_1_3_20170117174136694.jpg.chip.jpg,3,Alejandra
340,26_1_3_20170117174342230.jpg.chip.jpg,4,Alejandra
341,26_1_3_20170117174439983.jpg.chip.jpg,1,Alejandra
342,26_1_3_20170117174540872.jpg.chip.jpg,2,Alejandra
343,26_1_3_20170119144411037.jpg.chip.jpg,3,Alejandra
344,26_1_3_20170119150754793.jpg.chip.jpg,1,Alejandra
345,26_1_3_20170119152455872.jpg.chip.jpg,0,Alejandra
346,26_1_3_20170119155121850.jpg.chip.jpg,2,Alejandra
347,26_1_3_20170119155644533.jpg.chip.jpg,2,Alejandra
348,26_1_3_20170119180415252.jpg.chip.jpg,2,Alejandra
349,26_1_3_20170119180945883.jpg.chip.jpg,3,Alejandra
350,26_1_3_20170119180953860.jpg.chip.jpg,0,Alejandra
351,26_1_3_20170119192108257.jpg.chip.jpg,3,Alejandra
352,26_1_3_20170119192520722.jpg.chip.jpg,3,Alejandra
353,26_1_3_20170119193107971.jpg.chip.jpg,1,Alejandra
354,26_1_3_20170119193115729.jpg.chip.jpg,2,Alejandra
355,26_1_3_20170119193122986.jpg.chip.jpg,3,Alejandra
356,26_1_3_20170119193123985.jpg.chip.jpg,2,Alejandra
357,26_1_3_20170119193126946.jpg.chip.jpg,3,Alejandra
358,26_1_3_20170119193134801.jpg.chip.jpg,2,Alejandra
359,26_1_3_20170119193142729.jpg.chip.jpg,0,Alejandra
360,26_1_3_20170119193151218.jpg.chip.jpg,2,Alejandra
361,26_1_4_20170103224820592.jpg.chip.jpg,3,Alejandra
362,26_1_4_20170103225117416.jpg.chip.jpg,1,Alejandra
363,26_1_4_20170103230455729.jpg.chip.jpg,1,Alejandra
364,26_1_4_20170116181035930.jpg.chip.jpg,1,Alejandra
365,26_1_4_20170116220414012.jpg.chip.jpg,0,Alejandra
366,26_1_4_20170117143809650.jpg.chip.jpg,0,Alejandra
367,26_1_4_20170117152642036.jpg.chip.jpg,2,Alejandra
368,26_1_4_20170117153828843.jpg.chip.jpg,1,Alejandra
369,26_1_4_20170117174218966.jpg.chip.jpg,1,Alejandra
370,26_1_4_20170117174256614.jpg.chip.jpg,2,Alejandra
371,26_1_4_20170117174310909.jpg.chip.jpg,3,Alejandra
372,26_1_4_20170117174527047.jpg.chip.jpg,1,Alejandra
373,26_1_4_20170117201458974.jpg.chip.jpg,2,Alejandra
374,26_1_4_20170117201620471.jpg.chip.jpg,4,Alejandra
375,26_1_4_20170117201645720.jpg.chip.jpg,3,Alejandra
376,27_1_0_20170103180241879.jpg.chip.jpg,0,Alejandra
377,27_1_0_20170104234600194.jpg.chip.jpg,3,Alejandra
378,27_1_0_20170105162221371.jpg.chip.jpg,0,Alejandra
379,27_1_0_20170109132133665.jpg.chip.jpg,2,Alejandra
380,27_1_0_20170109132420616.jpg.chip.jpg,0,Alejandra
381,27_1_0_20170116220508113.jpg.chip.jpg,0,Alejandra
382,27_1_0_20170117120639678.jpg.chip.jpg,2,Alejandra
383,27_1_0_20170117120646100.jpg.chip.jpg,3,Alejandra
384,27_1_0_20170117120649662.jpg.chip.jpg,3,Alejandra
385,27_1_0_20170117144358667.jpg.chip.jpg,0,Alejandra
386,27_1_0_20170117202246110.jpg.chip.jpg,2,Alejandra
387,27_1_1_20170112231925888.jpg.chip.jpg,2,Alejandra
388,27_1_1_20170112234451680.jpg.chip.jpg,4,Alejandra
389,27_1_1_20170116162433766.jpg.chip.jpg,0,Alejandra
390,27_1_1_20170117000109588.jpg.chip.jpg,0,Alejandra
391,27_1_1_20170117013846300.jpg.chip.jpg,0,Alejandra
392,27_1_1_20170117164706491.jpg.chip.jpg,3,Alejandra
393,27_1_2_20161219192627707.jpg.chip.jpg,2,Alejandra
394,27_1_2_20170105161505810.jpg.chip.jpg,0,Alejandra
395,27_1_2_20170116163118798.jpg.chip.jpg,2,Alejandra
396,27_1_2_20170116163611289.jpg.chip.jpg,0,Alejandra
397,27_1_2_20170116163618474.jpg.chip.jpg,1,Alejandra
398,27_1_2_20170116163645443.jpg.chip.jpg,2,Alejandra
399,27_1_2_20170116163734036.jpg.chip.jpg,3,Alejandra
400,27_1_2_20170116163755263.jpg.chip.jpg,2,Alejandra
401,27_1_2_20170116165542007.jpg.chip.jpg,3,Alejandra
402,27_1_2_20170116170004947.jpg.chip.jpg,2,Alejandra
403,27_1_2_20170116170714855.jpg.chip.jpg,2,Alejandra
404,27_1_2_20170116185938978.jpg.chip.jpg,2,Alejandra
405,27_1_2_20170116192014113.jpg.chip.jpg,0,Alejandra
406,27_1_3_20170104231417083.jpg.chip.jpg,2,Alejandra
407,27_1_3_20170117191505796.jpg.chip.jpg,2,Alejandra
408,27_1_3_20170119155634673.jpg.chip.jpg,2,Alejandra
409,27_1_3_20170119194359132.jpg.chip.jpg,1,Alejandra
410,27_1_3_20170119194421382.jpg.chip.jpg,2,Alejandra
411,27_1_3_20170119194424402.jpg.chip.jpg,3,Alejandra
412,27_1_3_20170119194425057.jpg.chip.jpg,2,Alejandra
413,27_1_4_20170103210539730.jpg.chip.jpg,4,Alejandra
414,27_1_4_20170103225912217.jpg.chip.jpg,2,Alejandra
415,27_1_4_20170117202236181.jpg.chip.jpg,3,Alejandra
416,28_1_0_20170103180500095.jpg.chip.jpg,0,Alejandra
417,28_1_0_20170103183935666.jpg.chip.jpg,1,Alejandra
418,28_1_0_20170104181551957.jpg.chip.jpg,1,Alejandra
419,28_1_0_20170105162423130.jpg.chip.jpg,0,Alejandra
420,28_1_0_20170105165058893.jpg.chip.jpg,1,Alejandra
421,28_1_0_20170108225418569.jpg.chip.jpg,0,Alejandra
422,28_1_0_20170109003515954.jpg.chip.jpg,0,Alejandra
423,28_1_0_20170111182452808.jpg.chip.jpg,2,Alejandra
424,28_1_0_20170112235047937.jpg.chip.jpg,2,Alejandra
425,28_1_0_20170116000542977.jpg.chip.jpg,1,Alejandra
426,28_1_0_20170116164616853.jpg.chip.jpg,1,Alejandra
427,28_1_0_20170116165656582.jpg.chip.jpg,2,Alejandra
428,28_1_0_20170116192508046.jpg.chip.jpg,1,Alejandra
429,28_1_0_20170116213524092.jpg.chip.jpg,1,Alejandra
430,28_1_0_20170116220243853.jpg.chip.jpg,2,Alejandra
431,28_1_0_20170116220923600.jpg.chip.jpg,3,Alejandra
432,28_1_0_20170116223825024.jpg.chip.jpg,0,Alejandra
433,28_1_0_20170117020138207.jpg.chip.jpg,0,Alejandra
434,28_1_0_20170117121818523.jpg.chip.jpg,3,Alejandra
435,28_1_0_20170117122002945.jpg.chip.jpg,3,Alejandra
436,28_1_0_20170117122007101.jpg.chip.jpg,2,Alejandra
437,28_1_0_20170117174702574.jpg.chip.jpg,2,Alejandra
438,28_1_0_20170117175333441.jpg.chip.jpg,1,Alejandra
439,28_1_0_20170117180423496.jpg.chip.jpg,2,Alejandra
440,28_1_0_20170117180707457.jpg.chip.jpg,2,Alejandra
441,28_1_0_20170117204457679.jpg.chip.jpg,2,Alejandra
442,28_1_0_20170120140301800.jpg.chip.jpg,3,Alejandra
443,28_1_1_20170109132733613.jpg.chip.jpg,1,Alejandra
444,28_1_1_20170112204611851.jpg.chip.jpg,0,Alejandra
445,28_1_1_20170112210934053.jpg.chip.jpg,0,Alejandra
446,28_1_1_20170112211718717.jpg.chip.jpg,2,Alejandra
447,28_1_1_20170112222231219.jpg.chip.jpg,0,Alejandra
448,28_1_1_20170112231943575.jpg.chip.jpg,2,Alejandra
449,28_1_1_20170112235203401.jpg.chip.jpg,3,Alejandra
450,28_1_1_20170116014109875.jpg.chip.jpg,2,Alejandra
451,28_1_1_20170116164405234.jpg.chip.jpg,2,Alejandra
452,28_1_1_20170116232347382.jpg.chip.jpg,1,Alejandra
453,28_1_1_20170117020448529.jpg.chip.jpg,0,Alejandra
454,28_1_1_20170117021633232.jpg.chip.jpg,3,Alejandra
455,28_1_1_20170117131034507.jpg.chip.jpg,3,Alejandra
456,28_1_2_20170104020633108.jpg.chip.jpg,1,Alejandra
457,28_1_2_20170105000553851.jpg.chip.jpg,1,Alejandra
458,28_1_2_20170116161343328.jpg.chip.jpg,3,Alejandra
459,28_1_2_20170116161924643.jpg.chip.jpg,1,Alejandra
460,28_1_2_20170116162143001.jpg.chip.jpg,1,Alejandra
461,28_1_2_20170116162611736.jpg.chip.jpg,1,Alberto
462,28_1_2_20170116162955090.jpg.chip.jpg,2,Alberto
463,28_1_2_20170116163016525.jpg.chip.jpg,3,Alberto
464,28_1_2_20170116163327403.jpg.chip.jpg,3,Alberto
465,28_1_2_20170116164637415.jpg.chip.jpg,0,Alberto
466,28_1_2_20170116164703724.jpg.chip.jpg,0,Alberto
467,28_1_2_20170116165125979.jpg.chip.jpg,1,Alberto
468,28_1_2_20170116165147900.jpg.chip.jpg,2,Alberto
469,28_1_2_20170116170937606.jpg.chip.jpg,2,Alberto
470,28_1_2_20170116172552663.jpg.chip.jpg,2,Alberto
471,28_1_2_20170116190118355.jpg.chip.jpg,0,Alberto
472,28_1_2_20170116190129400.jpg.chip.jpg,4,Alberto
473,28_1_2_20170116190142300.jpg.chip.jpg,1,Alberto
474,28_1_2_20170116192003103.jpg.chip.jpg,1,Alberto
475,28_1_2_20170116192305668.jpg.chip.jpg,2,Alberto
476,28_1_2_20170116192600926.jpg.chip.jpg,1,Alberto
477,28_1_2_20170116222623761.jpg.chip.jpg,0,Alberto
478,28_1_3_20170104223241929.jpg.chip.jpg,3,Alberto
479,28_1_3_20170104223537760.jpg.chip.jpg,0,Alberto
480,28_1_3_20170104231509930.jpg.chip.jpg,2,Alberto
481,28_1_3_20170104235045746.jpg.chip.jpg,1,Alberto
482,28_1_3_20170109132821495.jpg.chip.jpg,0,Alberto
483,28_1_3_20170117180646529.jpg.chip.jpg,3,Alberto
484,28_1_3_20170119152713848.jpg.chip.jpg,2,Alberto
485,28_1_3_20170119164514645.jpg.chip.jpg,2,Alberto
486,28_1_3_20170119194616045.jpg.chip.jpg,0,Alberto
487,28_1_3_20170119194934347.jpg.chip.jpg,0,Alberto
488,28_1_3_20170119195058029.jpg.chip.jpg,2,Alberto
489,28_1_3_20170119195107761.jpg.chip.jpg,3,Alberto
490,28_1_3_20170119210052807.jpg.chip.jpg,2,Alberto
491,28_1_3_20170120220537315.jpg.chip.jpg,3,Alberto
492,28_1_4_20170103181212270.jpg.chip.jpg,0,Alberto
493,28_1_4_20170103182235849.jpg.chip.jpg,1,Alberto
494,28_1_4_20170117120426927.jpg.chip.jpg,0,Alberto
495,28_1_4_20170117202422103.jpg.chip.jpg,2,Alberto
496,29_1_0_20170103163726008.jpg.chip.jpg,0,Alberto
497,29_1_0_20170103183239274.jpg.chip.jpg,0,Alberto
498,29_1_0_20170103183824867.jpg.chip.jpg,1,Alberto
499,29_1_0_20170104022706451.jpg.chip.jpg,3,Alberto
500,29_1_0_20170104165932577.jpg.chip.jpg,1,Alberto
501,29_1_0_20170109132341425.jpg.chip.jpg,1,Alberto
502,29_1_0_20170109134431956.jpg.chip.jpg,1,Alberto
503,29_1_0_20170112235530689.jpg.chip.jpg,3,Alberto
504,29_1_0_20170113000327017.jpg.chip.jpg,2,Alberto
505,29_1_0_20170113000811442.jpg.chip.jpg,4,Alberto
506,29_1_0_20170114030939325.jpg.chip.jpg,0,Alberto
507,29_1_0_20170116175235312.jpg.chip.jpg,1,Alberto
508,29_1_0_20170116201228620.jpg.chip.jpg,0,Alberto
509,29_1_0_20170117130557275.jpg.chip.jpg,3,Alberto
510,29_1_0_20170117130603900.jpg.chip.jpg,2,Alberto
511,29_1_0_20170117130629633.jpg.chip.jpg,2,Alberto
512,29_1_0_20170117184636364.jpg.chip.jpg,1,Alberto
513,29_1_0_20170117202722702.jpg.chip.jpg,3,Alberto
514,29_1_1_20170104192718648.jpg.chip.jpg,3,Alberto
515,29_1_1_20170105183913087.jpg.chip.jpg,1,Alberto
516,29_1_1_20170112205213493.jpg.chip.jpg,3,Alberto
517,29_1_1_20170112210246493.jpg.chip.jpg,0,Alberto
518,29_1_1_20170112211511508.jpg.chip.jpg,4,Alberto
519,29_1_1_20170112211746397.jpg.chip.jpg,1,Alberto
520,29_1_1_20170112230631076.jpg.chip.jpg,2,Alberto
521,29_1_1_20170112235118232.jpg.chip.jpg,3,Alberto
522,29_1_1_20170113000843651.jpg.chip.jpg,3,Alberto
523,29_1_1_20170113001350377.jpg.chip.jpg,2,Alberto
524,29_1_1_20170115235003672.jpg.chip.jpg,2,Alberto
525,29_1_1_20170115235932970.jpg.chip.jpg,1,Alberto
526,29_1_1_20170116002146102.jpg.chip.jpg,2,Alberto
527,29_1_1_20170116003342475.jpg.chip.jpg,4,Alberto
528,29_1_1_20170116003347103.jpg.chip.jpg,3,Alberto
529,29_1_1_20170116161645150.jpg.chip.jpg,1,Alberto
530,29_1_1_20170116231405050.jpg.chip.jpg,2,Alberto
531,29_1_1_20170117130623479.jpg.chip.jpg,0,Alberto
532,29_1_2_20170104021825031.jpg.chip.jpg,2,Alberto
533,29_1_2_20170104023153742.jpg.chip.jpg,2,Alberto
534,29_1_2_20170105164315483.jpg.chip.jpg,1,Alberto
535,29_1_2_20170116161428854.jpg.chip.jpg,2,Alberto
536,29_1_2_20170116161802325.jpg.chip.jpg,2,Alberto
537,29_1_2_20170116162958843.jpg.chip.jpg,3,Alberto
538,29_1_2_20170116163132225.jpg.chip.jpg,2,Alberto
539,29_1_2_20170116163921292.jpg.chip.jpg,4,Alberto
540,29_1_2_20170116164242023.jpg.chip.jpg,2,Alberto
541,29_1_2_20170116164927601.jpg.chip.jpg,3,Alberto
542,29_1_2_20170116164953746.jpg.chip.jpg,3,Alberto
543,29_1_2_20170116173118658.jpg.chip.jpg,3,Alberto
544,29_1_2_20170116191212709.jpg.chip.jpg,2,Alberto
545,29_1_2_20170116223039250.jpg.chip.jpg,0,Alberto
546,29_1_3_20170104222730103.jpg.chip.jpg,1,Alberto
547,29_1_3_20170104223300263.jpg.chip.jpg,0,Alberto
548,29_1_3_20170104232728113.jpg.chip.jpg,3,Alberto
549,29_1_3_20170104235317706.jpg.chip.jpg,2,Alberto
550,29_1_3_20170109135815848.jpg.chip.jpg,0,Alberto
551,29_1_3_20170109141114301.jpg.chip.jpg,0,Alberto
552,29_1_3_20170119195530916.jpg.chip.jpg,2,Alberto
553,29_1_4_20170103230245713.jpg.chip.jpg,2,Alberto
554,29_1_4_20170104165318736.jpg.chip.jpg,2,Alberto
555,29_1_4_20170104165735505.jpg.chip.jpg,0,Alberto
556,29_1_4_20170105171748652.jpg.chip.jpg,0,Alberto
557,29_1_4_20170113011257168.jpg.chip.jpg,3,Alberto
558,29_1_4_20170117202752934.jpg.chip.jpg,3,Alberto
559,30_1_0_20170103180631960.jpg.chip.jpg,0,Alberto
560,30_1_0_20170109001620649.jpg.chip.jpg,0,Alberto
561,30_1_0_20170109012829305.jpg.chip.jpg,0,Alberto
562,30_1_0_20170116222711779.jpg.chip.jpg,1,Alberto
563,30_1_0_20170117000354691.jpg.chip.jpg,1,Alberto
564,30_1_0_20170117091710631.jpg.chip.jpg,1,Alberto
565,30_1_0_20170117092814966.jpg.chip.jpg,0,Alberto
566,30_1_0_20170117114710101.jpg.chip.jpg,0,Alberto
567,30_1_0_20170117131055904.jpg.chip.jpg,1,Alberto
568,30_1_0_20170117131057509.jpg.chip.jpg,0,Alberto
569,30_1_0_20170117140117810.jpg.chip.jpg,0,Alberto
570,30_1_0_20170117142803201.jpg.chip.jpg,1,Alberto
571,30_1_0_20170117144452546.jpg.chip.jpg,2,Alberto
572,30_1_0_20170117150430298.jpg.chip.jpg,2,Alberto
573,30_1_0_20170117150844330.jpg.chip.jpg,3,Alberto
574,30_1_0_20170117151337477.jpg.chip.jpg,4,Alberto
575,30_1_0_20170117160402167.jpg.chip.jpg,0,Alberto
576,30_1_0_20170117171606522.jpg.chip.jpg,2,Alberto
577,30_1_0_20170117181335004.jpg.chip.jpg,2,Alberto
578,30_1_0_20170117181338019.jpg.chip.jpg,3,Alberto
579,30_1_0_20170120220732969.jpg.chip.jpg,1,Alberto
580,30_1_1_20170112204445843.jpg.chip.jpg,3,Alberto
581,30_1_1_20170112210336469.jpg.chip.jpg,2,Alberto
582,30_1_1_20170112211330988.jpg.chip.jpg,4,Alberto
583,30_1_1_20170112215101145.jpg.chip.jpg,3,Alberto
584,30_1_1_20170113003552730.jpg.chip.jpg,0,Alberto
585,30_1_1_20170113011304520.jpg.chip.jpg,3,Alberto
586,30_1_1_20170114031027306.jpg.chip.jpg,1,Alberto
587,30_1_1_20170114032234898.jpg.chip.jpg,3,Alberto
588,30_1_1_20170116022055600.jpg.chip.jpg,1,Alberto
589,30_1_1_20170117123854164.jpg.chip.jpg,3,Alberto
590,30_1_1_20170117123925997.jpg.chip.jpg,2,Alberto
591,30_1_1_20170117133936142.jpg.chip.jpg,3,Alberto
592,30_1_1_20170117154805220.jpg.chip.jpg,1,Alberto
593,30_1_2_20170104020459348.jpg.chip.jpg,2,Alberto
594,30_1_2_20170105161432042.jpg.chip.jpg,1,Alberto
595,30_1_2_20170116161408096.jpg.chip.jpg,0,Alberto
596,30_1_2_20170116162002429.jpg.chip.jpg,2,Alberto
597,30_1_2_20170116162102874.jpg.chip.jpg,3,Alberto
598,30_1_2_20170116165139757.jpg.chip.jpg,1,Alberto
599,30_1_2_20170116174427095.jpg.chip.jpg,0,Alberto
600,30_1_2_20170116191305000.jpg.chip.jpg,1,Alberto
601,30_1_2_20170116191911487.jpg.chip.jpg,1,Alberto
602,30_1_2_20170116192245601.jpg.chip.jpg,3,Alberto
603,30_1_2_20170116194224682.jpg.chip.jpg,4,Alberto
604,30_1_2_20170117134233879.jpg.chip.jpg,3,Alberto
605,30_1_3_20170104214339133.jpg.chip.jpg,3,Alberto
606,30_1_3_20170104231945705.jpg.chip.jpg,2,Alberto
607,30_1_3_20170104232927250.jpg.chip.jpg,3,Alberto
608,30_1_3_20170104235527578.jpg.chip.jpg,2,Alberto
609,30_1_3_20170104235553643.jpg.chip.jpg,3,Alberto
610,30_1_3_20170109134035009.jpg.chip.jpg,0,Alberto
611,30_1_3_20170117154720797.jpg.chip.jpg,2,Alberto
612,30_1_3_20170117181341092.jpg.chip.jpg,3,Alberto
613,30_1_3_20170117181352869.jpg.chip.jpg,2,Alberto
614,30_1_3_20170119143632686.jpg.chip.jpg,0,Alberto
615,30_1_3_20170119163739022.jpg.chip.jpg,2,Alberto
616,30_1_3_20170119195849148.jpg.chip.jpg,2,Alberto
617,30_1_3_20170119204032119.jpg.chip.jpg,2,Alberto
618,30_1_4_20170105165132148.jpg.chip.jpg,3,Alberto
619,30_1_4_20170117203004549.jpg.chip.jpg,2,Alberto
620,30_1_4_20170117203559144.jpg.chip.jpg,3,Alberto
621,31_1_0_20170104181343268.jpg.chip.jpg,0,Alberto
622,31_1_0_20170113002019668.jpg.chip.jpg,0,Alberto
623,31_1_0_20170117131127303.jpg.chip.jpg,0,Alberto
624,31_1_0_20170117133139911.jpg.chip.jpg,1,Alberto
625,31_1_0_20170117133437320.jpg.chip.jpg,2,Alberto
626,31_1_0_20170119150929511.jpg.chip.jpg,0,Alberto
627,31_1_1_20170105001003876.jpg.chip.jpg,2,Alberto
628,31_1_1_20170111204355636.jpg.chip.jpg,3,Alberto
629,31_1_1_20170112210802028.jpg.chip.jpg,2,Alberto
630,31_1_1_20170112230640389.jpg.chip.jpg,0,Alberto
631,31_1_1_20170112234727752.jpg.chip.jpg,3,Alberto
632,31_1_1_20170112235015193.jpg.chip.jpg,3,Alberto
633,31_1_1_20170113012024246.jpg.chip.jpg,0,Alberto
634,31_1_1_20170113012714175.jpg.chip.jpg,2,Alberto
635,31_1_1_20170114031015215.jpg.chip.jpg,4,Alberto
636,31_1_1_20170115234845837.jpg.chip.jpg,3,Alberto
637,31_1_1_20170116170019856.jpg.chip.jpg,3,Alberto
638,31_1_1_20170116224134208.jpg.chip.jpg,3,Alberto
639,31_1_1_20170116234711144.jpg.chip.jpg,1,Alberto
640,31_1_1_20170117010333242.jpg.chip.jpg,1,Alberto
641,31_1_1_20170117105607322.jpg.chip.jpg,2,Alberto
642,31_1_1_20170117135046063.jpg.chip.jpg,1,Alberto
643,31_1_1_20170117135048675.jpg.chip.jpg,1,Alberto
644,31_1_2_20170104023111549.jpg.chip.jpg,2,Alberto
645,31_1_3_20170104220156327.jpg.chip.jpg,3,Alberto
646,31_1_3_20170104232529874.jpg.chip.jpg,2,Alberto
647,31_1_3_20170119200200605.jpg.chip.jpg,1,Alberto
648,31_1_4_20170103230248753.jpg.chip.jpg,2,Alberto
649,31_1_4_20170103230257785.jpg.chip.jpg,1,Alberto
650,31_1_4_20170104165129944.jpg.chip.jpg,3,Alberto
651,31_1_4_20170117203041312.jpg.chip.jpg,2,Alberto
652,31_1_4_20170117203052559.jpg.chip.jpg,4,Alberto
653,32_1_0_20170103182609772.jpg.chip.jpg,0,Alberto
654,32_1_0_20170104185215238.jpg.chip.jpg,0,Alberto
655,32_1_0_20170104204331019.jpg.chip.jpg,0,Alberto
656,32_1_0_20170112235000656.jpg.chip.jpg,3,Alberto
657,32_1_0_20170116191618394.jpg.chip.jpg,3,Alberto
658,32_1_0_20170116205329227.jpg.chip.jpg,2,Alberto
659,32_1_0_20170116222912224.jpg.chip.jpg,4,Alberto
660,32_1_0_20170117093112387.jpg.chip.jpg,2,Alberto
661,32_1_0_20170117134815003.jpg.chip.jpg,3,Alberto
662,32_1_0_20170117134816396.jpg.chip.jpg,3,Alberto
663,32_1_0_20170117140131110.jpg.chip.jpg,0,Alberto
664,32_1_0_20170117182439717.jpg.chip.jpg,1,Alberto
665,32_1_0_20170117182446213.jpg.chip.jpg,0,Alberto
666,32_1_0_20170117182511453.jpg.chip.jpg,0,Alberto
667,32_1_0_20170117182539124.jpg.chip.jpg,3,Alberto
668,32_1_0_20170117203611944.jpg.chip.jpg,3,Alberto
669,32_1_1_20170103162943271.jpg.chip.jpg,3,Alberto
670,32_1_1_20170112210352980.jpg.chip.jpg,2,Alberto
671,32_1_1_20170112210500948.jpg.chip.jpg,0,Alberto
672,32_1_1_20170112234515247.jpg.chip.jpg,4,Alberto
673,32_1_1_20170113000704411.jpg.chip.jpg,3,Alberto
674,32_1_1_20170113001310242.jpg.chip.jpg,4,Alberto
675,32_1_1_20170113012217433.jpg.chip.jpg,1,Alberto
676,32_1_1_20170113012612272.jpg.chip.jpg,1,Alberto
677,32_1_1_20170113012946729.jpg.chip.jpg,1,Alberto
678,32_1_1_20170114030326243.jpg.chip.jpg,0,Alberto
679,32_1_1_20170115235516131.jpg.chip.jpg,1,Alberto
680,32_1_1_20170116000551316.jpg.chip.jpg,1,Alberto
681,32_1_1_20170116012209350.jpg.chip.jpg,0,Alberto
682,32_1_1_20170116021536910.jpg.chip.jpg,1,Alberto
683,32_1_1_20170116160935586.jpg.chip.jpg,0,Alberto
684,32_1_2_20170109004658032.jpg.chip.jpg,1,Alberto
685,32_1_2_20170109135928794.jpg.chip.jpg,0,Alberto
686,32_1_2_20170116175121187.jpg.chip.jpg,1,Alberto
687,32_1_2_20170116182247033.jpg.chip.jpg,3,Alberto
688,32_1_2_20170116182311157.jpg.chip.jpg,3,Alberto
689,32_1_2_20170116185951847.jpg.chip.jpg,1,Alberto
690,32_1_2_20170116191621268.jpg.chip.jpg,1,Alberto
691,32_1_2_20170116205754287.jpg.chip.jpg,1,Alberto
692,32_1_3_20170104223515310.jpg.chip.jpg,0,Alberto
693,32_1_3_20170104232241306.jpg.chip.jpg,3,Alberto
694,32_1_3_20170104232404770.jpg.chip.jpg,1,Alberto
695,32_1_3_20170116153431215.jpg.chip.jpg,2,Alberto
696,32_1_3_20170116170836443.jpg.chip.jpg,1,Alberto
697,32_1_4_20170103180839999.jpg.chip.jpg,1,Alberto
698,32_1_4_20170103230129305.jpg.chip.jpg,1,Alberto
699,32_1_4_20170103230259201.jpg.chip.jpg,3,Alberto
700,32_1_4_20170103230317985.jpg.chip.jpg,1,Alberto
701,32_1_4_20170113000945786.jpg.chip.jpg,2,Alberto
702,32_1_4_20170117203133752.jpg.chip.jpg,1,Alberto
703,33_1_0_20170103182231977.jpg.chip.jpg,4,Alberto
704,33_1_0_20170105163852244.jpg.chip.jpg,1,Alberto
705,33_1_0_20170117134148014.jpg.chip.jpg,3,Alberto
706,33_1_0_20170117174803471.jpg.chip.jpg,3,Alberto
707,33_1_1_20170112210455829.jpg.chip.jpg,1,Alberto
708,33_1_1_20170112235129592.jpg.chip.jpg,0,Alberto
709,33_1_1_20170113011456750.jpg.chip.jpg,0,Alberto
710,33_1_1_20170117173927950.jpg.chip.jpg,0,Alberto
711,33_1_3_20170109133043550.jpg.chip.jpg,1,Alberto
712,33_1_3_20170119200544140.jpg.chip.jpg,1,Alberto
713,34_1_0_20170103163530352.jpg.chip.jpg,2,Alberto
714,34_1_0_20170113000558603.jpg.chip.jpg,2,Alberto
715,34_1_0_20170116172016963.jpg.chip.jpg,1,Alberto
716,34_1_0_20170117134930254.jpg.chip.jpg,2,Alberto
717,34_1_0_20170117171540757.jpg.chip.jpg,2,Alberto
718,34_1_0_20170117180013755.jpg.chip.jpg,0,Alberto
719,34_1_1_20170108230211421.jpg.chip.jpg,4,Alberto
720,34_1_1_20170112234631399.jpg.chip.jpg,4,Alberto
721,34_1_1_20170113001409411.jpg.chip.jpg,4,Alberto
722,34_1_1_20170113005245917.jpg.chip.jpg,2,Alberto
723,34_1_1_20170113011534310.jpg.chip.jpg,2,Alberto
724,34_1_1_20170113011632864.jpg.chip.jpg,2,Alberto
725,34_1_1_20170116012236821.jpg.chip.jpg,3,Alberto
726,34_1_1_20170116164035846.jpg.chip.jpg,1,Alberto
727,34_1_1_20170116172030437.jpg.chip.jpg,3,Alberto
728,34_1_1_20170116232159244.jpg.chip.jpg,1,Alberto
729,34_1_1_20170116234705929.jpg.chip.jpg,3,Alberto
730,34_1_1_20170117184507846.jpg.chip.jpg,1,Alberto
731,34_1_2_20170116193448303.jpg.chip.jpg,3,Alberto
732,34_1_3_20170119152405425.jpg.chip.jpg,2,Alberto
733,34_1_3_20170119152703935.jpg.chip.jpg,1,Alberto
734,34_1_3_20170119200846595.jpg.chip.jpg,2,Alberto
735,34_1_4_20170103182156641.jpg.chip.jpg,3,Alberto
736,34_1_4_20170104165941169.jpg.chip.jpg,3,Alberto
737,35_1_0_20170103182759530.jpg.chip.jpg,2,Alberto
738,35_1_0_20170109141753176.jpg.chip.jpg,1,Alberto
739,35_1_0_20170116201640357.jpg.chip.jpg,0,Alberto
740,35_1_0_20170116211804087.jpg.chip.jpg,0,Alberto
741,35_1_0_20170116222737439.jpg.chip.jpg,2,Alberto
742,35_1_0_20170117121555358.jpg.chip.jpg,1,Alberto
743,35_1_0_20170117134340646.jpg.chip.jpg,3,Alberto
744,35_1_0_20170117135330351.jpg.chip.jpg,1,Alberto
745,35_1_0_20170117135400203.jpg.chip.jpg,3,Alberto
746,35_1_0_20170117143853082.jpg.chip.jpg,0,Alberto
747,35_1_0_20170117150828892.jpg.chip.jpg,1,Alberto
748,35_1_0_20170117174830232.jpg.chip.jpg,1,Alberto
749,35_1_0_20170117182534670.jpg.chip.jpg,2,Alberto
750,35_1_0_20170117182920141.jpg.chip.jpg,1,Alberto
751,35_1_0_20170117185628434.jpg.chip.jpg,1,Alberto
752,35_1_0_20170117190350409.jpg.chip.jpg,3,Alberto
753,35_1_0_20170117203256352.jpg.chip.jpg,0,Alberto
754,35_1_0_20170117203321066.jpg.chip.jpg,2,Alberto
755,35_1_1_20170112191352903.jpg.chip.jpg,1,Alberto
756,35_1_1_20170112204654001.jpg.chip.jpg,2,Alberto
757,35_1_1_20170112210403180.jpg.chip.jpg,1,Alberto
758,35_1_1_20170112215253641.jpg.chip.jpg,2,Alberto
759,35_1_1_20170112215312112.jpg.chip.jpg,1,Alberto
760,35_1_1_20170112235023312.jpg.chip.jpg,0,Alberto
761,35_1_1_20170112235121616.jpg.chip.jpg,0,Alberto
762,35_1_1_20170113001650939.jpg.chip.jpg,1,Alberto
763,35_1_1_20170115235811416.jpg.chip.jpg,3,Alberto
764,35_1_1_20170116164941979.jpg.chip.jpg,1,Alberto
765,35_1_1_20170116222717126.jpg.chip.jpg,0,Alberto
766,35_1_1_20170116223049636.jpg.chip.jpg,3,Alberto
767,35_1_1_20170116233126804.jpg.chip.jpg,2,Alberto
768,35_1_1_20170117154114285.jpg.chip.jpg,3,Alberto
769,35_1_1_20170117154134322.jpg.chip.jpg,1,Alberto
770,35_1_1_20170117154137390.jpg.chip.jpg,2,Alberto
771,35_1_1_20170117154230213.jpg.chip.jpg,2,Alberto
772,35_1_1_20170117204141831.jpg.chip.jpg,1,Alberto
773,35_1_2_20170116164633129.jpg.chip.jpg,2,Alberto
774,35_1_2_20170116191706178.jpg.chip.jpg,2,Alberto
775,35_1_2_20170116191841660.jpg.chip.jpg,0,Alberto
776,35_1_2_20170116191844463.jpg.chip.jpg,0,Alberto
777,35_1_3_20170104220136126.jpg.chip.jpg,1,Alberto
778,35_1_3_20170104235136827.jpg.chip.jpg,2,Alberto
779,35_1_3_20170117154659552.jpg.chip.jpg,3,Alberto
780,35_1_3_20170117173702817.jpg.chip.jpg,0,Alberto
781,35_1_3_20170117183032742.jpg.chip.jpg,2,Alberto
782,35_1_3_20170117183037421.jpg.chip.jpg,3,Alberto
783,35_1_3_20170119152835120.jpg.chip.jpg,1,Alberto
784,35_1_3_20170119162657708.jpg.chip.jpg,1,Alberto
785,35_1_3_20170119201055428.jpg.chip.jpg,2,Alberto
786,35_1_3_20170119201542462.jpg.chip.jpg,0,Alberto
787,35_1_3_20170119201543070.jpg.chip.jpg,3,Alberto
788,35_1_4_20170113182827279.jpg.chip.jpg,2,Alberto
789,35_1_4_20170117200255252.jpg.chip.jpg,3,Alberto
790,35_1_4_20170117200719931.jpg.chip.jpg,2,Alberto
791,35_1_4_20170117201724582.jpg.chip.jpg,1,Alberto
792,35_1_4_20170117203429672.jpg.chip.jpg,0,Alberto
793,35_1_4_20170117203433192.jpg.chip.jpg,3,Alberto
794,35_1_4_20170117203751799.jpg.chip.jpg,1,Alberto
795,35_1_4_20170117203828719.jpg.chip.jpg,1,Alberto
796,36_1_0_20170103182851698.jpg.chip.jpg,0,Alberto
797,36_1_0_20170103182854050.jpg.chip.jpg,0,Alberto
798,36_1_0_20170104171550313.jpg.chip.jpg,0,Alberto
799,36_1_0_20170104201720018.jpg.chip.jpg,3,Alberto
800,36_1_0_20170108230047374.jpg.chip.jpg,1,Alberto
801,36_1_0_20170109003400403.jpg.chip.jpg,0,Alberto
802,36_1_0_20170116003333930.jpg.chip.jpg,1,Alberto
803,36_1_0_20170116165722892.jpg.chip.jpg,3,Alberto
804,36_1_0_20170117005907450.jpg.chip.jpg,2,Alberto
805,36_1_0_20170117135848980.jpg.chip.jpg,1,Alberto
806,36_1_0_20170117183334597.jpg.chip.jpg,3,Alberto
807,36_1_0_20170120140736273.jpg.chip.jpg,2,Alberto
808,36_1_1_20170112231430536.jpg.chip.jpg,1,Alberto
809,36_1_1_20170112235521289.jpg.chip.jpg,1,Alberto
810,36_1_1_20170112235957860.jpg.chip.jpg,2,Alberto
811,36_1_1_20170113000937962.jpg.chip.jpg,0,Alberto
812,36_1_1_20170113001436331.jpg.chip.jpg,4,Alberto
813,36_1_1_20170113012249151.jpg.chip.jpg,0,Alberto
814,36_1_1_20170114030712822.jpg.chip.jpg,0,Alberto
815,36_1_1_20170116161709695.jpg.chip.jpg,1,Alberto
816,36_1_1_20170116175401101.jpg.chip.jpg,1,Alberto
817,36_1_1_20170116175558494.jpg.chip.jpg,1,Alberto
818,36_1_1_20170116234813239.jpg.chip.jpg,2,Alberto
819,36_1_1_20170117091839173.jpg.chip.jpg,1,Alberto
820,36_1_1_20170117133947127.jpg.chip.jpg,3,Alberto
821,36_1_2_20170105000458833.jpg.chip.jpg,2,Alberto
822,36_1_3_20170109141841866.jpg.chip.jpg,1,Alberto
823,36_1_3_20170117135521500.jpg.chip.jpg,3,Alberto
824,36_1_3_20170117183328934.jpg.chip.jpg,1,Alberto
825,36_1_4_20170112233252616.jpg.chip.jpg,2,Alberto
826,36_1_4_20170117135904020.jpg.chip.jpg,2,Alberto
827,36_1_4_20170117203519312.jpg.chip.jpg,2,Alberto
828,37_1_0_20170103182950794.jpg.chip.jpg,3,Alberto
829,37_1_0_20170103183817362.jpg.chip.jpg,3,Alberto
830,37_1_0_20170105172729613.jpg.chip.jpg,2,Alberto
831,37_1_0_20170105172735429.jpg.chip.jpg,2,Alberto
832,37_1_0_20170117140113541.jpg.chip.jpg,1,Alberto
833,37_1_0_20170117160423705.jpg.chip.jpg,1,Alberto
834,37_1_0_20170117183426542.jpg.chip.jpg,1,Alberto
835,37_1_0_20170119180110066.jpg.chip.jpg,3,Alberto
836,37_1_1_20170116180008472.jpg.chip.jpg,2,Alberto
837,37_1_1_20170117014034055.jpg.chip.jpg,0,Alberto
838,37_1_1_20170117140121123.jpg.chip.jpg,3,Alberto
839,37_1_2_20170105172724340.jpg.chip.jpg,0,Alberto
840,37_1_2_20170116184911351.jpg.chip.jpg,3,Alberto
841,37_1_3_20170119202307060.jpg.chip.jpg,3,Alberto
842,38_1_0_20170104184650846.jpg.chip.jpg,2,Alberto
843,38_1_0_20170104201618841.jpg.chip.jpg,1,Alberto
844,38_1_0_20170104235617475.jpg.chip.jpg,1,Alberto
845,38_1_0_20170109002805707.jpg.chip.jpg,2,Alberto
846,38_1_0_20170109003456560.jpg.chip.jpg,2,Alberto
847,38_1_0_20170116003240193.jpg.chip.jpg,0,Alberto
848,38_1_0_20170116211611769.jpg.chip.jpg,1,Alberto
849,38_1_0_20170117154131675.jpg.chip.jpg,2,Alberto
850,38_1_0_20170117154132795.jpg.chip.jpg,3,Alberto
851,38_1_0_20170117184900263.jpg.chip.jpg,4,Alberto
852,38_1_1_20170112211709309.jpg.chip.jpg,2,Alberto
853,38_1_1_20170112231516417.jpg.chip.jpg,0,Alberto
854,38_1_1_20170113001855604.jpg.chip.jpg,2,Alberto
855,38_1_1_20170113005018855.jpg.chip.jpg,3,Alberto
856,38_1_1_20170113005602013.jpg.chip.jpg,2,Alberto
857,38_1_1_20170113005614349.jpg.chip.jpg,3,Alberto
858,38_1_1_20170113183519287.jpg.chip.jpg,2,Alberto
859,38_1_1_20170113184328127.jpg.chip.jpg,3,Alberto
860,38_1_1_20170116155827602.jpg.chip.jpg,2,Alberto
861,38_1_1_20170116160457906.jpg.chip.jpg,4,Alberto
862,38_1_1_20170116165617759.jpg.chip.jpg,1,Alberto
863,38_1_1_20170116172524459.jpg.chip.jpg,3,Alberto
864,38_1_1_20170116223044761.jpg.chip.jpg,2,Alberto
865,38_1_1_20170116223105812.jpg.chip.jpg,4,Alberto
866,38_1_1_20170117121954647.jpg.chip.jpg,2,Alberto
867,38_1_1_20170117170743869.jpg.chip.jpg,0,Alberto
868,38_1_1_20170117184822384.jpg.chip.jpg,2,Alberto
869,38_1_1_20170117203718759.jpg.chip.jpg,3,Alberto
870,38_1_2_20170116153446750.jpg.chip.jpg,2,Alberto
871,38_1_3_20170105002602973.jpg.chip.jpg,3,Alberto
872,38_1_3_20170105003415085.jpg.chip.jpg,3,Alberto
873,38_1_3_20170117121011234.jpg.chip.jpg,0,Alberto
874,38_1_4_20170117203738528.jpg.chip.jpg,4,Alberto
875,38_1_4_20170117203741155.jpg.chip.jpg,2,Alberto
876,39_1_0_20170103181459801.jpg.chip.jpg,1,Alberto
877,39_1_0_20170103182037472.jpg.chip.jpg,1,Alberto
878,39_1_0_20170103183137809.jpg.chip.jpg,0,Alberto
879,39_1_0_20170104205624580.jpg.chip.jpg,0,Alberto
880,39_1_0_20170105170221811.jpg.chip.jpg,1,Alberto
881,39_1_0_20170105172844028.jpg.chip.jpg,0,Alberto
882,39_1_0_20170109012839681.jpg.chip.jpg,0,Alberto
883,39_1_0_20170109132505755.jpg.chip.jpg,1,Alberto
884,39_1_0_20170117184938337.jpg.chip.jpg,2,Alberto
885,39_1_1_20170104174036250.jpg.chip.jpg,1,Alberto
886,39_1_1_20170112235549319.jpg.chip.jpg,0,Alberto
887,39_1_1_20170113012723081.jpg.chip.jpg,0,Alberto
888,39_1_1_20170116012217327.jpg.chip.jpg,4,Alberto
889,39_1_2_20170116192459890.jpg.chip.jpg,0,Alberto
890,39_1_3_20170104223518221.jpg.chip.jpg,2,Alberto
891,39_1_3_20170104235351986.jpg.chip.jpg,0,Alberto
892,39_1_3_20170110173815028.jpg.chip.jpg,0,Alberto
893,39_1_4_20170103163548640.jpg.chip.jpg,0,Alberto
894,40_1_0_20170103181824761.jpg.chip.jpg,0,Alberto
895,40_1_0_20170104183630718.jpg.chip.jpg,0,Alberto
896,40_1_0_20170104183639757.jpg.chip.jpg,2,Alberto
897,40_1_0_20170105164619947.jpg.chip.jpg,0,Alberto
898,40_1_0_20170105173401214.jpg.chip.jpg,2,Alberto
899,40_1_0_20170109220527167.jpg.chip.jpg,3,Alberto
900,40_1_0_20170112233604223.jpg.chip.jpg,0,Alberto
901,40_1_0_20170116224841122.jpg.chip.jpg,3,Alberto
902,40_1_0_20170116232924702.jpg.chip.jpg,0,Alberto
903,40_1_0_20170116235736541.jpg.chip.jpg,1,Alberto
904,40_1_0_20170117091853557.jpg.chip.jpg,1,Alberto
905,40_1_0_20170117135425683.jpg.chip.jpg,1,Alberto
906,40_1_0_20170117154626844.jpg.chip.jpg,2,Alberto
907,40_1_0_20170117154628772.jpg.chip.jpg,0,Alberto
908,40_1_0_20170117170612507.jpg.chip.jpg,2,Alberto
909,40_1_0_20170117180655625.jpg.chip.jpg,4,Alberto
910,40_1_1_20170110153441199.jpg.chip.jpg,0,Alberto
911,40_1_1_20170112205136114.jpg.chip.jpg,0,Alberto
912,40_1_1_20170113011754567.jpg.chip.jpg,2,Alberto
913,40_1_1_20170113011948248.jpg.chip.jpg,2,Alberto
914,40_1_1_20170113012749881.jpg.chip.jpg,0,Alberto
915,40_1_1_20170117022327672.jpg.chip.jpg,3,Alberto
916,40_1_2_20170116161916676.jpg.chip.jpg,3,Alberto
917,40_1_2_20170116163713862.jpg.chip.jpg,3,Alberto
918,40_1_2_20170116164709968.jpg.chip.jpg,2,Alberto
919,40_1_2_20170116180536184.jpg.chip.jpg,1,Alberto
920,40_1_3_20170117180026300.jpg.chip.jpg,2,Alberto
921,40_1_3_20170119144248205.jpg.chip.jpg,0,Alberto